,City,Cloudiness,Country,Date,Humidity,Lat,Lng,Max Temp,Wind Speed
0,Saint George,20,GR,1567558749,72,39.45,22.34,68.0,1.66
1,Ahipara,61,NZ,1567558961,100,-35.17,173.16,62.01,8.99
2,Kapaa,1,US,1567558963,58,22.08,-159.32,87.8,10.29
3,Obo,100,CF,1567558964,96,5.39,26.49,68.98,4.27
4,Albany,90,US,1567558773,100,42.65,-73.75,70.0,3.36
5,Barrow,56,AR,1567558966,67,-38.31,-60.23,37.66,11.97
6,Rikitea,100,PF,1567558968,89,-23.12,-134.97,71.68,15.21
7,Powell,1,US,1567558969,65,40.16,-83.08,79.0,3.36
8,Busselton,25,AU,1567558970,53,-33.64,115.35,55.0,26.11
9,Dikson,89,RU,1567558971,88,73.51,80.55,38.2,6.49
10,Cape Town,75,ZA,1567558972,93,-33.93,18.42,60.01,10.29
11,Dolores,0,UY,1567558974,57,-33.53,-58.22,43.0,3.0
12,Lorengau,77,PG,1567558975,79,-2.02,147.27,82.48,7.18
13,Vila,75,IT,1567558976,73,45.18,8.4,72.0,5.82
14,Nueva Loja,0,EC,1567558977,62,0.08,-76.88,78.7,1.81
15,Idaho Falls,20,US,1567558979,15,43.49,-112.04,89.6,9.17
16,Sur,81,OM,1567558728,51,22.57,59.53,83.2,7.47
17,Dingle,100,PH,1567558981,78,11.0,122.67,80.32,5.06
18,Grand Gaube,42,MU,1567558815,83,-20.01,57.66,68.0,14.88
19,Saint-Augustin,90,CA,1567558983,55,45.63,-73.98,64.4,8.05
20,Batemans Bay,0,AU,1567558984,68,-35.71,150.18,64.99,3.0
21,Mount Gambier,90,AU,1567558985,100,-37.83,140.78,53.6,10.29
22,Oranjemund,64,ZA,1567558771,92,-28.55,16.43,56.02,15.03
23,Kuching,75,MY,1567558731,88,1.56,110.34,80.6,3.36
24,Ushuaia,40,AR,1567558861,69,-54.81,-68.31,35.6,21.92
25,Abu Dhabi,0,AE,1567558862,84,24.47,54.37,87.8,3.36
26,Porto Torres,0,IT,1567558991,94,40.84,8.4,71.6,2.24
27,Isangel,40,VU,1567558992,61,-19.55,169.27,77.0,11.41
28,Carutapera,63,BR,1567558994,81,-1.2,-46.02,78.34,7.4
29,Arraial do Cabo,33,BR,1567558995,92,-22.97,-42.02,71.14,9.13
30,Sao Joao da Barra,0,BR,1567558965,82,-21.64,-41.05,73.48,10.16
31,Ribeira Grande,55,PT,1567558737,73,38.52,-28.7,70.42,11.27
32,Ponta do Sol,83,BR,1567558998,40,-20.63,-46.0,74.56,0.58
33,Nanortalik,100,GL,1567559000,92,60.14,-45.24,47.02,11.3
34,Ouallam,70,NE,1567559001,44,14.32,2.08,90.94,14.12
35,Avarua,13,CK,1567559002,64,-21.21,-159.78,73.4,17.22
36,San Patricio,0,PY,1567559003,80,-26.98,-56.83,55.48,8.34
37,Chuy,16,UY,1567558723,60,-33.69,-53.46,45.22,14.41
38,Talnakh,90,RU,1567559006,100,69.49,88.39,44.6,6.71
39,Airai,6,TL,1567559007,43,-8.93,125.41,78.34,0.81
40,Gornopravdinsk,97,RU,1567559008,98,60.06,69.92,49.18,3.76
41,Vaini,75,IN,1567559009,100,15.34,74.49,69.8,11.41
42,Aykhal,40,RU,1567559010,87,65.95,111.51,42.8,2.24
43,Bambous Virieux,1,MU,1567559012,83,-20.34,57.76,68.0,9.31
44,Khani,0,GE,1567559013,93,41.96,42.96,62.6,2.24
45,Hofn,14,IS,1567559014,81,64.25,-15.21,30.28,13.04
46,Jamestown,58,AU,1567559015,61,-33.21,138.6,63.04,2.68
47,Nouadhibou,7,MR,1567559017,69,20.93,-17.03,75.2,16.11
48,Komsomolskiy,93,RU,1567559018,83,67.55,63.78,45.94,6.11
49,Xinyu,0,CN,1567559019,79,27.8,114.93,75.46,1.68
50,Iqaluit,90,CA,1567559020,81,63.75,-68.52,42.8,23.04
51,Mahebourg,1,MU,1567559022,83,-20.41,57.7,68.0,9.31
52,Bluff,95,AU,1567559023,18,-23.58,149.07,77.62,1.36
53,Punta Arenas,0,CL,1567559024,59,-53.16,-70.91,37.4,8.05
54,Antofagasta,75,CL,1567558946,76,-23.65,-70.4,57.2,10.29
55,Geraldton,90,CA,1567559026,71,49.72,-86.95,50.0,8.05
56,Ourem,0,PT,1567558806,77,39.64,-8.59,73.99,1.12
57,Emerald,100,AU,1567559029,13,-23.53,148.16,84.0,3.36
58,Pevek,0,RU,1567558830,78,69.7,170.27,39.1,1.48
59,Carnarvon,0,ZA,1567558750,14,-30.97,22.13,50.44,3.65
60,Hilo,20,US,1567559009,55,19.71,-155.08,87.8,9.17
61,Wawa,60,NG,1567559033,95,9.9,4.41,73.66,2.46
62,Cidreira,71,BR,1567559035,62,-30.17,-50.22,52.96,4.54
63,Lichinga,26,MZ,1567559036,60,-13.3,35.25,68.98,5.03
64,Tuatapere,100,NZ,1567559037,84,-46.13,167.69,52.0,5.99
65,Zhezkazgan,20,KZ,1567559038,54,47.8,67.71,51.52,7.78
66,Bay Roberts,90,CA,1567559039,93,47.58,-53.28,61.0,20.8
67,Bethel,90,US,1567558760,93,60.79,-161.76,57.2,20.8
68,East London,0,ZA,1567558746,81,-33.02,27.91,52.06,5.64
69,Puerto Ayora,0,EC,1567559043,73,-0.74,-90.35,75.2,12.75
70,Tasiilaq,49,GL,1567558842,58,65.61,-37.64,41.0,4.7
71,Kurchum,80,KZ,1567559045,48,48.57,83.65,59.08,2.46
72,Baringo,98,KE,1567559047,90,0.47,35.97,57.28,2.82
73,Moses Lake,1,US,1567559048,21,47.13,-119.28,89.6,6.93
74,Port Alfred,19,ZA,1567559049,83,-33.59,26.89,59.0,4.0
75,Lazaro Cardenas,75,MX,1567559050,30,28.39,-105.62,86.0,5.82
76,Camacha,20,PT,1567558824,73,33.08,-16.33,69.8,6.93
77,Georgetown,0,GY,1567559052,83,6.8,-58.16,82.4,9.17
78,Auki,83,NG,1567559054,67,12.18,6.51,78.16,7.52
79,Shingu,40,JP,1567559055,70,33.72,135.99,84.2,2.24
80,Dargaville,63,NZ,1567559056,79,-35.94,173.86,62.14,7.25
81,Kernersville,1,US,1567559057,94,36.12,-80.07,78.8,4.7
82,Faanui,44,PF,1567559058,85,-16.48,-151.75,77.8,18.79
83,Mataura,100,NZ,1567559060,84,-46.19,168.86,52.0,5.99
84,Pechenga,0,RU,1567559061,91,58.89,41.46,47.38,4.16
85,Patur,100,IN,1567559062,94,20.46,76.94,72.94,9.4
86,Erenhot,30,CN,1567559063,24,43.65,111.97,72.58,8.81
87,Lebu,60,ET,1567559064,87,8.96,38.73,54.22,2.01
88,Usinsk,60,RU,1567559066,83,66.0,57.56,42.88,6.69
89,Itarema,0,BR,1567559067,75,-2.92,-39.92,77.08,12.24
90,Nairn,1,US,1567559068,74,29.43,-89.61,87.8,7.38
91,Banda Aceh,100,ID,1567558858,84,5.56,95.32,81.94,18.41
92,Sao Gabriel,21,BR,1567559071,68,-30.34,-54.32,44.68,7.83
93,Velikiy Novgorod,100,RU,1567559072,97,58.52,31.28,53.32,5.3
94,Sarakhs,0,TM,1567558925,39,36.54,61.16,63.04,10.63
95,Fortuna,1,US,1567558817,72,40.6,-124.16,68.0,13.87
96,Treinta y Tres,0,UY,1567559075,78,-33.23,-54.39,38.74,7.74
97,Sinnamary,0,GF,1567559077,82,5.38,-52.96,81.94,19.24
98,The Valley,20,AI,1567559049,74,18.22,-63.06,84.2,10.29
99,Cabo San Lucas,75,MX,1567558969,74,22.89,-109.91,89.01,9.15
100,Abu Samrah,0,SY,1567559081,89,35.3,37.18,67.0,9.89
101,Cherskiy,0,RU,1567559082,40,68.75,161.3,50.8,4.03
102,Souillac,0,FR,1567559083,76,45.6,-0.6,59.0,3.36
103,Tautira,40,PF,1567558828,74,-17.73,-149.15,82.4,3.36
104,Divnogorsk,0,RU,1567559085,87,55.96,92.38,51.8,8.95
105,Strelka,100,RU,1567559087,96,58.08,93.03,49.0,2.39
106,Port Elizabeth,1,US,1567559088,88,39.31,-74.98,75.2,5.82
107,Hirado,75,JP,1567559089,94,33.32,129.49,77.0,17.22
108,Kaitangata,100,NZ,1567559090,65,-46.28,169.85,51.01,3.0
109,Massaguet,20,TD,1567559092,78,12.48,15.44,77.0,8.05
110,Kerrville,1,US,1567558964,33,30.05,-99.14,91.99,4.7
111,Ostrovnoy,100,RU,1567559094,83,68.05,39.51,52.24,9.42
112,Hermanus,78,ZA,1567559095,95,-34.42,19.24,54.0,2.33
113,Aksarka,100,RU,1567559097,90,66.56,67.8,48.64,2.44
114,Presidencia Roque Saenz Pena,0,AR,1567559098,72,-26.79,-60.44,55.48,5.93
115,Port Lincoln,64,AU,1567559099,84,-34.72,135.86,57.82,6.38
116,Saint Augustine,20,TT,1567559100,88,10.65,-61.4,79.0,4.7
117,Wasilla,90,US,1567559076,72,61.58,-149.44,62.01,2.33
118,Hithadhoo,2,MV,1567559103,77,-0.6,73.08,82.84,12.19
119,Lasa,20,CY,1567558882,78,34.92,32.53,73.4,3.36
120,Kapelle,55,NL,1567559105,82,51.49,3.96,61.0,17.22
121,Baculin,100,PH,1567559106,67,7.45,126.58,79.78,1.16
122,Castro,0,CL,1567559107,74,-42.48,-73.76,42.8,6.93
123,Upernavik,22,GL,1567559109,58,72.79,-56.15,37.84,11.54
124,Hasaki,75,JP,1567558938,88,35.73,140.83,73.4,11.41
125,Shaowu,25,CN,1567559111,85,27.34,117.49,73.66,1.63
126,Vianden,25,LU,1567559112,87,49.93,6.21,55.0,3.36
127,Tucuman,34,PE,1567559113,44,-17.17,-70.89,54.04,2.33
128,New Norfolk,75,AU,1567559115,62,-42.78,147.06,55.0,14.99
129,Trincomalee,100,LK,1567559116,74,8.58,81.23,78.34,9.89
130,Chokurdakh,39,RU,1567559117,63,70.62,147.9,47.38,9.46
131,South Shields,75,GB,1567558847,100,55.0,-1.43,61.0,2.24
132,Tuktoyaktuk,20,CA,1567559119,62,69.44,-133.03,53.6,12.75
133,Dicabisagan,100,PH,1567559121,77,17.08,122.42,79.42,1.97
134,Ucluelet,75,CA,1567559103,93,48.94,-125.55,71.01,4.7
135,Hobart,75,AU,1567558946,62,-42.88,147.33,55.0,14.99
136,Kaili,19,ID,1567559124,63,-3.46,120.21,65.56,1.23
137,Teguldet,100,RU,1567559125,97,57.31,88.17,46.3,2.57
138,Berlevag,0,NO,1567559127,73,70.86,29.09,51.52,20.13
139,Metro,83,ID,1567559128,86,-5.11,105.31,73.3,5.5
140,Ilulissat,24,GL,1567559129,45,69.22,-51.1,48.2,19.46
141,Kalmar,3,SE,1567559130,93,56.66,16.36,57.99,6.93
142,Lompoc,1,US,1567559131,37,34.64,-120.46,86.0,12.75
143,Torbay,90,CA,1567559133,93,47.66,-52.73,61.0,20.8
144,Santa Lucia,40,IT,1567559134,73,41.98,12.66,75.2,5.82
145,Buala,73,SB,1567559135,72,-8.15,159.59,83.02,2.39
146,Butaritari,51,KI,1567559136,66,3.07,172.79,84.46,3.06
147,Mehamn,1,NO,1567559138,67,71.03,27.85,49.54,17.27
148,Warrnambool,7,AU,1567559139,87,-38.38,142.48,59.0,10.0
149,Hualmay,1,PE,1567559140,90,-11.1,-77.61,60.7,8.7
150,Rovinj,0,HR,1567559141,63,45.08,13.64,70.0,4.7
151,Jungapeo,43,MX,1567559143,75,19.46,-100.49,69.01,3.0
152,Sheltozero,100,RU,1567559144,88,61.37,35.37,55.48,11.32
153,Atuona,0,PF,1567559145,73,-9.8,-139.03,79.78,12.5
154,Talara,0,PE,1567559146,93,-4.58,-81.27,62.5,10.45
155,Bredasdorp,76,ZA,1567559148,76,-34.53,20.04,54.0,6.93
156,Port Hardy,75,CA,1567559149,87,50.7,-127.42,59.0,11.41
157,Jiangyou,97,CN,1567559150,96,31.78,104.73,63.04,1.25
158,Kargopol,99,RU,1567559151,94,61.51,38.95,57.64,6.13
159,Cravo Norte,48,CO,1567559152,79,6.3,-70.2,79.96,3.36
160,Seymchan,66,RU,1567559154,40,62.93,152.39,58.18,8.19
161,Mtimbira,47,TZ,1567559155,61,-8.78,36.35,67.9,4.47
162,Wagga Wagga,0,AU,1567559156,58,-35.12,147.37,66.0,2.24
163,Longyearbyen,90,NO,1567559157,95,78.22,15.63,33.8,17.22
164,Meylan,0,FR,1567559158,87,45.21,5.78,61.0,5.82
165,Buzovna,0,AZ,1567559160,82,40.52,50.11,66.2,3.36
166,Vardo,1,US,1567559161,61,39.62,-77.74,77.0,6.93
167,Comodoro Rivadavia,40,AR,1567559162,48,-45.87,-67.48,41.0,12.75
168,Collie,4,AU,1567559163,53,-33.36,116.15,55.0,7.34
169,Pochutla,75,MX,1567559165,66,15.74,-96.47,86.0,2.37
170,Guerrero Negro,0,MX,1567559166,80,27.97,-114.04,73.3,11.27
171,Katsuura,75,JP,1567559167,88,33.93,134.5,80.6,2.24
172,Algiers,1,US,1567559168,58,29.94,-90.04,91.4,3.38
173,Saint-Philippe,40,CA,1567559170,82,45.36,-73.48,64.4,7.58
174,Merauke,93,ID,1567559171,83,-8.49,140.4,75.1,17.18
175,Ugoofaaru,100,MV,1567559172,74,5.67,73.0,82.3,7.56
176,Pangnirtung,100,CA,1567559173,64,66.15,-65.72,40.54,6.71
177,Berdigestyakh,95,RU,1567559174,95,62.1,126.7,43.78,1.07
178,Nurlat,1,RU,1567559176,93,54.43,50.8,46.48,5.61
179,Naze,100,NG,1567559177,96,5.43,7.07,74.38,4.47
180,Cayenne,0,GF,1567559178,83,4.94,-52.33,80.6,4.7
181,Nelson Bay,0,AU,1567559179,49,-32.72,152.14,73.99,11.41
182,Lagoa,0,PT,1567559181,73,37.14,-8.45,77.0,5.82
183,Anadyr,75,RU,1567559182,81,64.73,177.51,46.4,11.18
184,Troitsko-Pechorsk,54,RU,1567559183,87,62.71,56.19,42.88,2.48
185,Faya,0,SA,1567559184,55,18.39,42.45,66.2,1.92
186,Tucurui,58,BR,1567559186,86,-3.77,-49.67,75.46,3.65
187,Karratha,0,AU,1567559187,30,-20.74,116.85,73.12,13.33
188,Martapura,0,ID,1567559188,76,-3.41,114.85,77.08,10.87
189,Maniitsoq,100,GL,1567559190,97,65.42,-52.9,43.42,17.47
190,Iracoubo,0,GF,1567559191,86,5.48,-53.21,78.52,7.67
191,Tuscaloosa,0,US,1567559192,80,33.21,-87.57,82.99,1.01
192,Batken,0,KG,1567559193,32,40.06,70.82,57.1,8.86
193,Qaanaaq,7,GL,1567559194,53,77.48,-69.36,30.46,4.81
194,Chingirlau,6,KZ,1567559196,91,51.09,54.08,48.1,6.08
195,Kidal,79,ML,1567559197,31,18.44,1.41,94.54,5.53
196,Yibin,94,CN,1567559198,94,28.77,104.64,73.12,4.07
197,Bathsheba,40,BB,1567559027,74,13.22,-59.52,82.4,14.99
198,Laguna,20,BZ,1567559201,70,16.17,-88.94,86.0,4.7
199,Sechura,50,PE,1567559202,86,-5.56,-80.82,63.94,11.36
200,Aklavik,75,CA,1567559203,62,68.22,-135.01,55.4,8.05
201,Ulcinj,75,ME,1567558997,50,41.93,19.22,80.6,12.75
202,Constantine,40,DZ,1567559018,88,36.36,6.61,62.6,3.36
203,Prikubanskiy,0,RU,1567559207,71,44.95,39.03,60.01,4.47
204,Lokosovo,90,RU,1567559208,94,61.13,74.84,47.92,5.97
205,Avera,1,US,1567559209,78,33.19,-82.53,86.0,3.36
206,Cristalina,4,BR,1567559210,30,-16.77,-47.61,75.1,6.67
207,Dunedin,100,NZ,1567559212,77,-45.87,170.5,52.0,18.99
208,Atar,93,MR,1567559213,28,20.52,-13.05,94.54,11.77
209,Dutse,78,NG,1567559214,64,11.76,9.34,78.7,9.1
210,Severo-Kurilsk,100,RU,1567559215,94,50.68,156.12,50.44,9.75
211,Lavrentiya,100,RU,1567559216,95,65.58,-170.99,45.4,9.95
212,Khetri,91,IN,1567559218,74,28.0,75.78,84.28,2.91
213,Alofi,75,NU,1567559219,74,-19.06,-169.92,78.8,13.87
214,Tura,100,RU,1567559220,88,64.27,100.22,49.18,5.75
215,Husavik,77,CA,1567559222,62,50.56,-96.99,55.99,7.76
216,Yellowknife,75,CA,1567559223,71,62.45,-114.38,50.0,8.05
217,Ballyhaunis,47,IE,1567559224,92,53.76,-8.77,57.0,1.99
218,Kodiak,1,US,1567559225,88,39.95,-94.76,84.0,4.7
219,Mount Isa,100,AU,1567559226,14,-20.73,139.49,82.4,8.05
220,Iskateley,17,RU,1567559228,91,67.68,53.15,50.98,8.52
221,Acapulco,40,MX,1567559229,74,16.86,-99.88,86.0,8.05
222,Natagaima,33,CO,1567559230,40,3.62,-75.09,81.22,9.37
223,Lima,90,PE,1567559231,82,-12.06,-77.04,62.6,11.41
224,Manaure,40,CO,1567559232,49,11.78,-72.45,91.4,10.29
225,Verkh-Usugli,98,RU,1567559234,93,52.7,115.17,55.48,4.36
226,Qaqortoq,100,GL,1567559235,87,60.72,-46.03,46.4,5.82
227,Aguimes,20,ES,1567559236,68,27.91,-15.45,71.6,12.75
228,Quatre Cocos,1,MU,1567559237,83,-20.21,57.76,68.0,3.0
229,Makali,40,IN,1567559238,88,12.77,77.16,69.8,6.93
230,Salisbury,65,GB,1567559240,82,51.07,-1.8,62.01,13.87
231,West Wendover,1,US,1567559147,19,40.74,-114.07,89.6,3.36
232,Mar del Plata,53,AR,1567559242,59,-46.43,-67.52,33.88,10.76
233,Ewa Beach,40,US,1567559243,59,21.32,-158.01,91.4,11.41
234,Tilichiki,43,RU,1567559244,51,60.47,166.1,53.32,5.59
235,Nikolskoye,75,RU,1567559246,87,59.7,30.79,55.99,4.47
236,Chernyshevskiy,96,RU,1567559247,92,63.01,112.47,50.08,5.84
237,Omboue,38,GA,1567559248,83,-1.57,9.26,75.82,15.48
238,Lumby,1,CA,1567559249,27,50.25,-118.97,86.0,4.65
239,Belle Fourche,1,US,1567559250,53,44.67,-103.85,75.0,4.7
240,Phalombe,0,MW,1567559252,81,-15.81,35.65,59.98,5.53
241,Hede,61,SE,1567559253,93,60.45,15.49,53.01,8.05
242,Panguna,84,PG,1567559254,81,-6.32,155.48,81.58,18.7
243,Masyaf,40,SY,1567559255,78,35.06,36.34,75.2,5.82
244,Andros Town,75,BS,1567559256,78,24.73,-77.79,82.4,20.8
245,Salinas,1,US,1567559258,35,36.67,-121.66,90.0,13.87
246,Acheng,40,CN,1567559259,100,45.55,126.95,68.0,6.71
247,Vestmannaeyjar,0,IS,1567559260,64,63.44,-20.27,49.72,13.94
248,Gilgit,0,PK,1567559261,67,35.92,74.31,47.92,8.9
249,Alvaraes,59,BR,1567559262,64,-3.22,-64.8,82.12,1.79
250,Biak,89,ID,1567559264,68,-0.91,122.88,66.46,3.53
251,Cockburn Town,0,TC,1567559265,79,21.46,-71.14,84.1,16.73
252,Tiksi,65,RU,1567559266,91,71.64,128.87,40.18,6.8
253,Saint-Pierre,0,FR,1567559267,82,48.95,4.24,55.4,4.7
254,Sahuaripa,0,MX,1567559269,51,29.05,-109.23,88.24,4.81
255,Carupano,98,VE,1567559270,96,10.67,-63.26,74.38,3.09
256,Gamba,100,CN,1567559271,79,28.28,88.52,41.44,3.94
257,Sao Filipe,83,CV,1567559273,86,14.9,-24.5,80.86,6.6
258,San Cristobal,46,HN,1567559274,52,14.68,-86.92,77.62,9.08
259,Norman Wells,90,CA,1567559275,87,65.28,-126.83,53.6,3.36
260,Skeldon,22,GY,1567559276,91,5.88,-57.13,75.82,3.44
261,Havelock,1,US,1567559066,74,34.88,-76.9,81.0,4.7
262,Cabedelo,40,BR,1567559278,88,-6.97,-34.84,73.4,3.36
263,Provideniya,75,RU,1567559280,87,64.42,-173.23,53.6,2.24
264,Khatanga,96,RU,1567559281,77,71.98,102.47,40.54,13.35
265,Elmina,46,GH,1567559282,93,5.09,-1.35,74.92,6.58
266,Antalaha,38,MG,1567559283,97,-14.9,50.28,59.62,4.16
267,Deori Khas,100,IN,1567559285,90,23.39,79.03,75.64,3.58
268,Saysain,75,PH,1567559286,83,14.56,120.39,88.0,10.29
269,Lappeenranta,0,FI,1567559287,93,61.06,28.19,52.0,4.7
270,Soe,84,EE,1567559288,87,57.91,26.05,50.0,2.24
271,Rundu,0,NA,1567559289,26,-17.91,19.77,69.8,5.82
272,Boffa,100,GN,1567559291,82,10.18,-14.04,81.22,7.67
273,Kruisfontein,15,ZA,1567559292,92,-34.0,24.73,50.98,8.39
274,Ancud,0,CL,1567559293,67,-41.87,-73.83,42.8,6.93
275,Waitati,100,NZ,1567559295,77,-45.75,170.57,52.0,18.99
276,Kashin,55,RU,1567559296,78,57.36,37.61,53.68,8.12
277,Zhigansk,29,RU,1567559297,60,66.77,123.37,43.06,5.84
278,Ostersund,0,SE,1567559298,87,63.18,14.64,42.8,6.93
279,Evensk,88,RU,1567559299,41,61.92,159.24,54.04,4.07
280,Broome,89,GB,1567559301,72,52.47,1.45,64.4,11.41
281,Jensen Beach,90,US,1567559302,94,27.25,-80.23,81.0,13.87
282,Saldanha,0,PT,1567559303,37,41.42,-6.55,71.14,2.01
283,Luderitz,59,NA,1567559304,87,-26.65,15.16,53.6,4.7
284,Boyolangu,58,ID,1567559306,77,-8.09,111.9,69.88,5.88
285,Uarini,21,BR,1567559307,61,-2.98,-65.16,81.22,1.68
286,Thinadhoo,29,MV,1567559308,76,0.53,72.93,82.84,9.8
287,Radis,0,DE,1567559309,71,51.75,12.51,60.01,4.7
288,Bangassou,100,CF,1567559310,98,4.74,22.82,69.16,1.63
289,Luanda,75,AO,1567559312,94,-8.83,13.24,71.6,3.36
290,Thompson,90,CA,1567559313,87,55.74,-97.86,51.8,11.41
291,Vung Tau,86,VN,1567559314,83,10.35,107.08,78.7,15.82
292,Ilo,9,PE,1567559315,86,-17.65,-71.34,57.46,2.64
293,Waipawa,100,NZ,1567559317,91,-39.94,176.59,57.0,7.0
294,Bluefield,1,US,1567559054,83,37.27,-81.22,77.0,0.2
295,Wamba,95,CD,1567559319,99,2.14,27.99,66.1,2.37
296,Abay,40,KZ,1567559320,93,49.63,72.87,44.6,4.47
297,Kudahuvadhoo,84,MV,1567559321,76,2.67,72.89,82.66,8.37
298,Xichang,97,CN,1567559323,93,27.88,102.25,56.2,0.45
299,Businga,100,CD,1567559324,93,3.34,20.89,71.14,1.66
300,Hami,24,CN,1567559325,33,42.84,93.51,73.84,5.75
301,Kampot,75,KH,1567559277,83,10.62,104.18,82.4,6.93
302,Axim,33,GH,1567559327,92,4.87,-2.24,75.28,5.93
303,Coihaique,40,CL,1567559245,44,-45.58,-72.07,39.2,4.7
304,Ventspils,40,LV,1567559329,93,57.39,21.56,55.4,9.17
305,Leh,0,IN,1567559331,48,34.16,77.58,45.04,6.44
306,Henties Bay,0,NA,1567559332,93,-22.12,14.28,53.01,5.55
307,Khakhea,0,BW,1567559333,23,-24.69,23.5,59.62,6.46
308,Imbituba,40,BR,1567559276,72,-28.24,-48.67,60.8,10.29
309,Rio Grande,0,BR,1567559335,91,-32.03,-52.1,39.99,5.73
310,Richards Bay,0,ZA,1567559337,69,-28.77,32.06,70.24,9.82
311,Victoria,75,BN,1567559170,79,5.28,115.24,84.2,2.24
312,Coos Bay,1,US,1567559263,68,43.37,-124.22,69.8,17.22
313,Tual,60,ID,1567559340,82,-5.67,132.75,75.46,16.35
314,Ejido,96,VE,1567559341,79,8.55,-71.24,70.24,6.06
315,Carlyle,1,CA,1567559343,55,49.63,-102.27,66.2,6.93
316,Klyuchevskiy,96,RU,1567559344,94,53.53,119.45,57.82,1.45
317,Muros,0,ES,1567559345,72,42.77,-9.06,70.0,4.7
318,Nome,1,US,1567559346,52,30.04,-94.42,89.6,3.36
319,Campbell River,75,CA,1567559123,53,50.02,-125.24,73.4,6.93
320,Westport,1,US,1567559348,82,41.14,-73.36,73.0,3.13
321,Khonsa,87,IN,1567559350,89,26.99,95.51,70.24,1.03
322,Bilibino,0,RU,1567559351,42,68.06,166.44,43.6,3.04
323,Namibe,28,AO,1567559352,84,-15.19,12.15,64.3,8.66
324,Murmashi,0,RU,1567559353,87,68.82,32.82,44.6,4.47
325,Klaksvik,85,FO,1567559354,61,62.23,-6.59,48.2,11.41
326,Diamantino,27,BR,1567559356,29,-14.4,-56.44,87.16,4.05
327,Sao Felix do Xingu,40,BR,1567559357,55,-6.64,-51.99,79.06,1.97
328,Atasu,73,KZ,1567559358,47,48.68,71.64,52.24,11.7
329,Eldorado,100,BR,1567559359,99,-24.52,-48.11,62.32,2.84
330,Makakilo City,40,US,1567559361,59,21.35,-158.09,91.4,11.41
331,Haines Junction,100,CA,1567559362,44,60.75,-137.51,54.04,5.01
332,Maryborough,0,AU,1567559363,23,-25.54,152.7,81.04,5.23
333,Vanavara,0,RU,1567559364,75,60.35,102.28,46.84,1.74
334,Sinamar,99,PH,1567559366,79,16.9,121.57,77.8,1.88
335,Mecca,51,SA,1567559367,58,21.43,39.83,83.38,4.47
336,Sola,30,TZ,1567559368,50,-3.17,33.8,70.24,11.21
337,Lerwick,97,GB,1567559369,100,60.15,-1.15,53.6,18.34
338,Honiara,75,SB,1567559370,94,-9.43,159.96,78.8,4.7
339,Houma,0,CN,1567559372,52,35.63,111.36,71.5,9.31
340,Zima,16,RU,1567559373,90,53.93,102.05,56.02,1.97
341,Filingue,15,NE,1567559374,43,14.35,3.32,90.04,11.34
342,Wynyard,65,AU,1567559375,75,-40.99,145.73,55.99,11.01
343,Samarai,96,PG,1567559376,72,-10.62,150.67,72.58,9.01
344,Sibolga,100,ID,1567559378,88,1.74,98.78,77.8,4.76
345,Paungde,92,MM,1567559379,95,18.49,95.51,75.46,9.19
346,Kharan,10,PK,1567559289,22,28.58,65.42,80.86,4.03
347,Murgab,90,TM,1567559381,40,37.5,61.97,68.0,9.17
348,Lyngdal,100,NO,1567559220,76,58.14,7.07,55.0,6.93
349,Ha Giang,0,VN,1567559384,92,22.83,104.99,62.86,4.27
350,Clyde River,90,CA,1567559385,100,70.47,-68.59,41.0,9.17
351,Nishihara,75,JP,1567559386,83,35.74,139.53,80.01,11.41
352,San Quintin,88,PH,1567559387,81,17.54,120.52,77.98,2.59
353,Manicore,97,BR,1567559388,92,-5.81,-61.3,73.66,2.24
354,Kenora,90,CA,1567559389,93,49.76,-94.48,53.6,11.41
355,Arsk,0,RU,1567559391,81,56.09,49.88,51.8,6.71
356,Kaeo,52,NZ,1567559392,100,-35.1,173.78,63.0,13.31
357,Breza,75,BA,1567559393,93,44.02,18.26,55.4,2.24
358,Riyadh,0,SA,1567559395,24,24.63,46.72,89.6,2.24
359,Russell,1,US,1567559396,55,38.9,-98.86,91.4,13.87
360,Kavieng,54,PG,1567559397,77,-2.57,150.8,83.38,10.92
361,Colac,1,AU,1567559398,90,-38.34,143.59,57.99,5.99
362,Kabare,81,RW,1567559399,92,-1.65,29.38,56.02,0.76
363,Lishui,52,CN,1567559264,91,28.45,119.91,73.84,1.81
364,Behshahr,75,IR,1567559402,94,36.69,53.54,68.0,6.93
365,Holbeach,40,GB,1567559403,82,52.8,0.02,64.0,14.99
366,Manakara,7,MG,1567559404,95,-22.14,48.01,63.58,2.46
367,Sitka,0,US,1567559405,44,37.17,-99.65,87.01,8.01
368,Skjervoy,80,NO,1567559407,73,70.03,20.97,51.52,6.98
369,Pimentel,24,BR,1567559408,82,-3.7,-45.5,77.44,3.2
370,Baruun-Urt,0,MN,1567559409,41,46.68,113.28,67.18,8.95
371,Belmonte,0,PT,1567559410,60,40.36,-7.35,77.0,1.99
372,Casablanca,40,MA,1567559412,100,33.6,-7.62,73.0,3.36
373,Saskylakh,99,RU,1567559397,72,71.97,114.09,43.42,9.71
374,Neuquen,0,AR,1567559414,48,-38.95,-68.06,44.6,5.12
375,Nichinan,75,JP,1567559415,88,31.65,131.31,80.6,3.36
376,Mwingi,24,KE,1567559417,87,-0.93,38.07,62.5,6.91
377,Valle de Allende,70,MX,1567559418,48,26.94,-105.39,73.84,8.72
378,Kavaratti,100,IN,1567559419,78,10.57,72.64,82.48,20.96
379,Namatanai,60,PG,1567559420,77,-3.66,152.44,81.4,10.85
380,Valparaiso,1,US,1567559185,88,41.47,-87.06,80.01,10.29
381,Kijang,90,KR,1567559185,83,35.24,129.21,77.0,4.7
382,Biskamzha,64,RU,1567559424,94,53.45,89.53,40.72,2.1
383,Hay River,75,CA,1567559425,67,60.82,-115.79,62.6,12.75
384,Te Anau,100,NZ,1567559426,84,-45.41,167.72,43.06,1.01
385,Ville-Marie,90,CA,1567559427,100,47.33,-79.44,53.6,13.87
386,Dinghai,40,CN,1567559429,78,26.28,119.79,82.4,15.66
387,Constitucion,75,MX,1567559293,46,23.99,-104.67,72.0,3.36
388,Xingcheng,84,CN,1567559431,70,40.62,120.71,73.3,4.09
389,Nayoro,0,JP,1567559432,55,44.36,142.46,66.46,5.14
390,Jaciara,57,BR,1567559433,39,-15.95,-54.98,83.38,5.06
391,Inhambane,0,MZ,1567559435,93,-23.87,35.38,60.16,5.64
392,Phan Thiet,88,VN,1567559436,88,10.93,108.1,74.56,5.99
393,Greenfield,1,US,1567559437,88,42.59,-72.6,70.0,1.34
394,San Carlos,100,NI,1567559438,1,11.12,-84.78,72.0,15.99
395,Vila Velha,40,BR,1567559439,74,-3.71,-38.6,80.6,11.41
396,Vila Franca do Campo,75,PT,1567559441,77,37.72,-25.43,71.01,13.87
397,Mackenzie,90,CA,1567559442,60,55.34,-123.09,71.6,1.9
398,Leningradskiy,99,RU,1567559443,80,69.38,178.42,35.32,2.71
399,Tocopilla,82,CL,1567559444,86,-22.09,-70.2,56.2,10.36
400,Hailar,40,CN,1567559445,64,49.2,119.7,66.46,9.28
401,Marawi,100,PH,1567559447,64,8.0,124.29,84.0,3.0
402,Kinsale,20,IE,1567559448,87,51.71,-8.52,53.6,11.41
403,Mishan,0,CN,1567559449,84,45.55,131.88,65.2,4.0
404,Fare,16,PF,1567559450,85,-16.7,-151.02,77.26,19.42
405,Moba,33,CD,1567559452,41,-7.04,29.77,63.76,4.63
406,San Felipe,99,CL,1567559453,24,-32.75,-70.73,61.0,2.55
407,Krutinka,31,RU,1567559454,88,56.01,71.51,46.3,5.84
408,Beringovskiy,100,RU,1567559455,88,63.05,179.32,42.7,7.78
409,Whitehorse,75,CA,1567559262,39,60.72,-135.06,62.6,4.7
410,Den Helder,90,NL,1567559457,87,52.96,4.76,62.01,6.93
411,Aginskoye,100,RU,1567559459,58,51.11,114.54,66.99,4.05
412,Sydney Mines,75,CA,1567559460,93,46.24,-60.22,63.0,5.82
413,Maceio,0,BR,1567559461,94,-9.67,-35.74,71.6,1.12
414,Russkaya Polyana,24,RU,1567559462,94,53.78,73.88,43.6,5.08
415,Havre-Saint-Pierre,20,CA,1567559464,87,50.23,-63.6,50.0,8.05
416,Sinop,4,TR,1567559465,71,42.03,35.15,67.0,2.8
417,Lakhdenpokhya,100,RU,1567559466,97,61.52,30.2,55.0,4.41
418,Xuddur,47,SO,1567559467,69,4.12,43.89,72.58,17.94
419,Zyryanka,48,RU,1567559468,36,65.73,150.89,59.8,8.57
420,Kropotkin,0,RU,1567559470,44,45.43,40.58,66.0,4.63
421,Numan,100,NG,1567559471,93,9.46,12.04,74.56,3.29
422,Mezen,92,RU,1567559256,88,65.85,44.24,58.72,7.58
423,Seoul,90,KR,1567559281,100,37.57,126.98,73.4,3.36
424,Yulara,0,AU,1567559474,6,-25.24,130.99,73.4,1.12
425,Vostok,0,RU,1567559476,60,46.45,135.83,68.98,0.25
426,Ola,0,RU,1567559477,82,59.58,151.3,51.88,4.23
427,Aracataca,40,CO,1567559478,74,10.59,-74.19,87.8,13.87
428,Kupang,20,ID,1567559479,47,-10.16,123.6,80.6,10.29
429,Dinant,34,BE,1567559480,87,50.26,4.91,59.0,4.7
430,Lexington,1,US,1567559185,61,38.05,-84.5,84.2,7.18
431,Half Moon Bay,5,US,1567559483,47,37.46,-122.43,79.0,11.41
432,Kilrush,20,IE,1567559484,87,51.96,-8.06,59.0,11.41
433,Pringsewu,82,ID,1567559485,89,-5.36,104.98,70.96,1.41
434,Wufeng,7,CN,1567559486,90,27.44,104.87,59.98,3.87
435,Fort Nelson,75,CA,1567559488,60,58.81,-122.69,69.8,3.36
436,Salinopolis,43,BR,1567559489,81,-0.61,-47.36,81.22,21.74
437,Muisne,60,EC,1567559490,84,0.61,-80.02,72.94,12.1
438,Letterkenny,51,IE,1567559491,87,54.95,-7.73,47.92,11.61
439,Ardabil,75,IR,1567559492,93,38.25,48.3,48.2,4.7
440,Sabha,0,LY,1567559494,28,27.03,14.43,82.84,14.56
441,Puerto Leguizamo,55,CO,1567559495,66,-0.19,-74.78,80.68,3.15
442,Akureyri,90,IS,1567559496,86,65.68,-18.09,39.2,4.7
443,Necochea,46,AR,1567559336,82,-38.55,-58.74,39.99,8.01
444,Shuangcheng,40,CN,1567559499,100,45.37,126.3,68.0,6.71
445,Tigil,100,RU,1567559500,69,57.8,158.67,51.34,4.09
446,Gold Coast,0,AU,1567559501,39,-28.0,153.41,86.0,6.93
447,Ormara,22,PK,1567559503,81,25.21,64.64,80.86,10.74
448,Melendugno,20,IT,1567559504,73,40.27,18.34,77.0,12.75
449,Gadsden,1,US,1567559505,51,34.01,-86.01,86.0,3.36
450,Mahajanga,0,MG,1567559507,73,-15.72,46.32,69.8,8.05
451,Moree,0,AU,1567559282,13,-29.46,149.84,79.0,5.82
452,Culaman,75,PH,1567559509,83,5.96,125.66,78.8,2.51
453,Tripoli,38,GR,1567559510,53,37.51,22.37,77.0,6.93
454,Sorgun,0,TR,1567559434,69,39.81,35.19,57.46,4.27
455,Siuna,100,NI,1567559512,89,13.73,-84.78,74.74,2.93
456,Nyurba,100,RU,1567559514,98,63.29,118.35,45.04,3.44
457,Port Hawkesbury,90,CA,1567559515,100,45.62,-61.36,64.99,2.24
458,Mazara del Vallo,20,IT,1567559516,88,37.65,12.59,77.0,9.17
459,Jamame,34,SO,1567559518,82,0.07,42.75,76.18,9.46
460,Dumas,75,IN,1567559519,94,21.09,72.71,80.6,6.08
461,Aktau,0,KZ,1567559520,87,43.65,51.16,55.4,4.47
462,Pundaguitan,90,PH,1567559522,75,6.37,126.17,81.58,2.84
463,Sorland,100,NO,1567559524,79,67.67,12.69,52.06,30.36
464,Doljo,90,PH,1567559525,74,9.59,123.73,80.6,3.96
465,Coari,86,BR,1567559526,61,-4.09,-63.14,83.38,1.52
466,Presidente Bernardes,0,BR,1567559321,73,-22.01,-51.55,73.4,9.17
467,Sisimiut,100,GL,1567559243,75,66.94,-53.67,46.12,4.68
468,Trofors,100,NO,1567559530,81,65.54,13.39,50.0,16.11
469,Neftcala,0,AZ,1567559531,84,39.37,49.25,64.3,3.85
470,Magadan,0,RU,1567559532,83,59.56,150.8,52.24,4.99
471,Kormilovka,90,RU,1567559533,100,55.0,74.1,44.6,2.24
472,Adrar,20,DZ,1567559275,29,27.87,-0.29,91.4,11.41
473,Turkan,0,AF,1567559536,57,35.6,68.92,46.84,2.93
474,Solnechnyy,73,RU,1567559537,67,50.72,136.64,62.5,3.4
475,Natal,20,BR,1567559263,83,-5.81,-35.21,75.2,8.05
476,Liku,42,ID,1567559539,75,-0.73,119.89,81.58,9.13
477,Meulaboh,100,ID,1567559541,82,4.14,96.13,79.96,9.69
478,Lata,70,IN,1567559542,86,30.78,78.62,39.46,1.88
479,Maragogi,0,BR,1567559409,94,-9.01,-35.22,69.16,2.28
480,Montecristo,74,CO,1567559544,84,8.3,-74.47,80.32,0.63
481,Zhangye,0,CN,1567559545,38,38.94,100.46,67.36,2.06
482,Salalah,90,OM,1567559546,100,17.01,54.1,78.8,4.7
483,San Borja,67,BO,1567559287,58,-14.86,-66.75,77.8,2.98
484,Gurupi,0,BR,1567559549,17,-11.73,-49.07,84.82,4.63
485,Mackay,20,CA,1567559550,44,53.65,-115.58,75.2,2.24
486,Tamandare,50,BR,1567559551,62,-8.28,-70.75,80.5,1.05
487,Turukhansk,53,RU,1567559552,85,65.8,87.96,42.16,5.21
488,Shamgarh,100,IN,1567559554,94,24.18,75.63,76.18,10.58
489,Agdas,90,AZ,1567559555,88,40.65,47.48,64.4,7.78
490,Gat,28,SN,1567559476,88,14.69,-16.54,82.4,8.05
491,Calvinia,11,ZA,1567559557,37,-31.47,19.78,51.52,1.25
492,Pisco,0,PE,1567559463,30,-13.71,-76.2,71.6,12.75
493,Beroroha,1,MG,1567559559,76,-21.68,45.17,63.4,6.08
494,Kokopo,100,PG,1567559561,90,-4.34,152.27,79.06,1.66
495,Aranos,0,NA,1567559562,20,-24.14,19.11,58.18,8.97
496,Nuuk,100,GL,1567559563,100,64.17,-51.74,42.8,14.99
497,Manavalakurichi,75,IN,1567559564,83,8.13,77.3,82.4,9.17
498,Ammapettai,98,IN,1567559565,87,11.62,77.74,73.48,2.86
499,Tomatlan,44,MX,1567559567,76,19.93,-105.25,84.64,17.94
500,Armidale,0,AU,1567559568,19,-30.51,151.67,68.0,11.01
501,Codrington,0,AU,1567559569,20,-28.95,153.24,82.4,10.29
502,Wilmington,1,US,1567559570,73,39.75,-75.55,75.99,2.86
503,Flinders,0,AU,1567559401,30,-34.58,150.85,75.0,13.87
504,Oparino,50,RU,1567559573,93,59.85,48.28,44.5,2.77
505,Drumheller,42,CA,1567559574,51,51.47,-112.7,77.0,4.54
506,Birao,100,CF,1567559575,94,10.3,22.78,73.48,6.15
507,Pacific Grove,1,US,1567559576,35,36.62,-121.92,88.0,13.87
508,Gull Lake,1,CA,1567559578,33,50.1,-108.48,75.2,3.36
509,Cayhagan,97,PH,1567559579,75,9.67,122.43,82.66,6.62
510,Montecristi,20,EC,1567559580,78,-1.05,-80.66,73.4,12.75
511,Shiyan,96,CN,1567559582,93,32.65,110.78,63.94,2.44
512,Najran,0,SA,1567559583,17,17.54,44.22,82.4,3.6
513,Hovd,40,NO,1567559584,81,63.83,10.7,51.01,13.87
514,Tynda,100,RU,1567559585,90,55.15,124.74,53.68,2.51
515,Garowe,2,SO,1567559586,60,8.41,48.48,75.64,32.28
516,Bristol,100,GB,1567559588,93,51.45,-2.6,62.01,11.41
517,Vega de Alatorre,64,MX,1567559589,68,20.03,-96.65,81.4,4.03
518,Lingao,100,CN,1567559590,81,19.91,109.69,83.56,25.17
519,Okha,0,RU,1567559591,77,53.59,142.95,58.36,8.1
520,Irupi,0,BR,1567559593,66,-20.35,-41.64,65.2,5.86
521,Nemuro,20,JP,1567559360,64,43.32,145.57,68.0,4.7
522,Kamenka,100,MD,1567559464,87,48.03,28.7,57.99,3.0
523,Labuhan,0,ID,1567559596,52,-2.54,115.51,76.0,0.27
524,Guatire,40,VE,1567559413,78,10.47,-66.54,78.8,4.16
525,Lapao,57,BR,1567559598,60,-11.38,-41.83,70.24,9.4
526,Krasnoarmeysk,0,RU,1567559600,77,56.12,38.15,63.0,6.71
527,Lalibela,53,ET,1567559601,82,12.04,39.05,56.92,2.82
528,Puerto Ayacucho,75,CO,1567559602,88,5.66,-67.63,77.0,7.05
529,Xai-Xai,0,MZ,1567559603,78,-25.04,33.64,60.7,6.98
530,Zhuanghe,89,CN,1567559605,39,39.7,122.97,78.01,4.0
531,Tuy Hoa,94,VN,1567559503,72,13.08,109.3,76.36,3.85
532,La Cruz,36,MX,1567559607,81,23.92,-106.89,82.99,3.0
533,Saurimo,100,AO,1567559608,36,-9.66,20.4,76.36,2.33
534,South Valley,75,US,1567559357,28,35.01,-106.68,90.0,13.87
535,Arica,90,CL,1567559611,72,-18.48,-70.32,62.6,6.93
536,Vestmanna,84,FO,1567559612,61,62.16,-7.17,48.2,11.41
537,Nagato,75,JP,1567559613,83,34.35,131.14,82.0,13.87
538,Sassari,0,IT,1567559614,94,40.72,8.56,71.6,2.24
539,Laizhou,98,CN,1567559616,60,37.18,119.93,75.64,5.35
540,Turbana,40,CO,1567559617,83,10.27,-75.44,84.2,8.05
541,Atotonilquillo,75,MX,1567559618,47,20.39,-103.13,82.0,5.82
542,Vanimo,4,PG,1567559619,74,-2.67,141.3,81.04,5.26
543,Calderitas,40,MX,1567559621,74,18.55,-88.26,86.0,18.34
544,Babati,66,TZ,1567559622,94,-4.21,35.75,51.52,7.58
545,Ludza,100,LV,1567559623,97,56.55,27.72,49.72,4.79
546,Teteven,5,BG,1567559624,72,42.92,24.26,62.6,2.24
547,Fortuna Foothills,1,US,1567559524,23,32.66,-114.41,106.0,3.36
548,Burnie,65,AU,1567559627,76,-41.05,145.91,55.99,10.0
549,Ossora,100,RU,1567559628,58,59.24,163.07,53.68,4.16
550,Birigui,17,BR,1567559463,67,-21.29,-50.34,75.64,7.29
551,Chimore,97,BO,1567559630,49,-16.98,-65.13,72.58,2.44
552,Loandjili,75,CG,1567559632,94,-4.77,11.87,73.4,3.36
553,Bonfim,37,GY,1567559633,67,3.36,-59.84,82.3,5.41
554,Huilong,81,CN,1567559634,86,31.15,106.5,70.6,4.76
555,Chicama,0,PE,1567559635,88,-7.84,-79.15,62.6,6.93
556,Kibre Mengist,77,ET,1567559637,94,5.87,38.99,55.12,0.96
557,Ust-Koksa,99,RU,1567559638,59,50.27,85.62,38.56,4.7
558,Ngunguru,67,NZ,1567559639,92,-35.62,174.5,63.0,11.99
559,Narsaq,100,GL,1567559536,87,60.91,-46.05,46.4,5.82
560,Eydhafushi,100,MV,1567559485,74,5.1,73.07,82.3,6.87
561,Weyburn,1,CA,1567559642,56,49.67,-103.85,66.99,1.01
562,Putai,0,FR,1567559644,62,46.66,1.99,55.4,3.98
563,Batagay,99,RU,1567559645,61,67.65,134.64,44.32,1.3
564,San Juan,0,AR,1567559477,33,-31.54,-68.53,33.7,3.27
565,Ternate,75,PH,1567559647,70,14.29,120.72,88.0,5.82
566,Akdepe,0,TM,1567559649,63,42.05,59.39,64.4,9.17
567,Saint Anthony,1,US,1567559650,16,43.97,-111.68,89.6,11.41
568,Hambantota,75,LK,1567559651,100,6.12,81.12,77.0,14.7
569,Nhulunbuy,20,AU,1567559652,54,-12.18,136.78,82.4,14.99
570,Barcelona,0,ES,1567559561,73,41.38,2.18,75.0,8.05
571,Salym,80,RU,1567559655,98,60.06,71.48,45.58,3.15
572,Aljezur,0,PT,1567559656,68,37.31,-8.8,77.0,4.7
573,Juba,100,EE,1567559657,87,57.82,26.93,50.0,2.24
574,Zunyi,19,CN,1567559658,88,27.73,106.92,66.82,3.53
575,Marsa Matruh,0,EG,1567559660,83,31.35,27.25,75.2,3.36
576,Talaja,80,IN,1567559661,91,21.35,72.04,78.7,4.14
